timestamp;robot_imu_accelerometer;robot_imu_gyroscope;robot_linear_velocity;robot_angular_velocity;battery_percentage
1743584327;0,142455|-0,141258|10,032902;-0,000266|-0,000399|-0,000133;-0,000000|0,000000|0,000000;0,000000|0,000000|-0,000000;74,000000;
1743584327;0,153229|-0,145448|10,031705;0,000000|-0,000266|0,000000;-0,000000|0,000000|0,000000;0,000000|0,000000|-0,000000;74,000000;
1743584327;0,141258|-0,130484|10,045471;-0,000133|0,000266|0,000000;-0,000000|0,000000|0,000000;0,000000|0,000000|-0,000000;74,000000;
1743584327;0,156222|-0,131681|10,043676;0,000000|0,000266|0,000000;-0,000000|0,000000|0,000000;0,000000|0,000000|-0,000000;74,000000;
1743584328;0,151433|-0,142455|10,034100;0,000133|0,000133|0,000399;-0,000000|0,000000|0,000000;0,000000|0,000000|-0,000000;74,000000;
1743584328;0,143652|-0,145448|10,036493;0,000666|-0,000399|0,000266;-0,000000|0,000000|0,000000;0,000000|0,000000|-0,000000;74,000000;
1743584328;0,148441|-0,142455|10,042479;0,000000|-0,000399|0,000000;-0,000000|0,000000|0,000000;0,000000|0,000000|-0,000000;74,000000;
1743584328;0,146645|-0,131681|10,047267;0,000666|0,000666|-0,000266;-0,000000|0,000000|0,000000;0,000000|0,000000|-0,000000;74,000000;
1743584328;0,158616|-0,142455|10,045471;-0,000133|0,000932|0,000133;-0,000000|0,000000|0,000000;0,000000|0,000000|-0,000000;74,000000;
1743584328;0,153229|-0,134674|10,035296;0,000133|0,000533|-0,000266;-0,000000|0,000000|0,000000;0,000000|0,000000|-0,000000;74,000000;
1743584328;0,149638|-0,134075|10,033501;0,000000|-0,000666|0,000133;-0,000000|0,000000|0,000000;0,000000|0,000000|-0,000000;74,000000;
1743584328;0,158017|-0,128090|10,043676;-0,000399|0,000000|0,000000;-0,000000|0,000000|0,000000;0,000000|0,000000|-0,000000;74,000000;
1743584328;0,151433|-0,146645|10,040085;0,000533|0,000799|0,000266;-0,000000|0,000000|0,000000;0,000000|0,000000|-0,000000;74,000000;
1743584328;0,146645|-0,141856|10,044873;-0,000266|0,000666|-0,000399;-0,000000|0,000000|0,000000;0,000000|0,000000|-0,000000;74,000000;
1743584329;0,158017|-0,142455|10,034698;0,000133|-0,000533|0,000133;-0,000000|0,000000|0,000000;0,000000|0,000000|-0,000000;74,000000;
1743584329;0,150835|-0,149638|10,043676;0,000533|0,000399|-0,000399;-0,000000|0,000000|0,000000;0,000000|0,000000|-0,000000;74,000000;
1743584329;0,147243|-0,143652|10,038289;0,000000|0,000266|0,000266;-0,000000|0,000000|0,000000;0,000000|0,000000|-0,000000;74,000000;
1743584329;0,155025|-0,135272|10,040683;-0,000799|0,000000|0,000266;-0,000000|0,000000|0,000000;0,000000|0,000000|-0,000000;74,000000;
1743584329;0,159813|-0,146046|10,037092;0,000399|0,000399|0,000133;-0,000000|0,000000|0,000000;0,000000|0,000000|-0,000000;74,000000;
1743584329;0,143652|-0,144849|10,041282;0,000000|0,000533|0,000000;-0,000000|0,000000|0,000000;0,000000|0,000000|-0,000000;74,000000;
1743584329;0,150236|-0,153229|10,034100;-0,000399|-0,000266|-0,000266;-0,000000|0,000000|0,000000;0,000000|0,000000|-0,000000;74,000000;
1743584329;0,159813|-0,141258|10,040683;0,000932|0,000266|0,000533;-0,000000|0,000000|0,000000;0,000000|0,000000|-0,000000;74,000000;
1743584329;0,140659|-0,149039|10,031705;-0,000533|0,000000|0,000000;-0,000000|0,000000|0,000000;0,000000|0,000000|-0,000000;74,000000;
1743584329;0,157419|-0,135871|10,026318;-0,000133|-0,000533|-0,000533;-0,000000|0,000000|0,000000;0,000000|0,000000|-0,000000;74,000000;
1743584330;0,158616|-0,142455|10,051457;-0,000266|-0,000399|0,000399;-0,000000|0,000000|0,000000;0,000000|0,000000|-0,000000;74,000000;
1743584330;0,153229|-0,137068|10,032304;-0,000533|-0,000399|0,000000;-0,000000|0,000000|0,000000;0,000000|0,000000|-0,000000;74,000000;
1743584330;0,142455|-0,134674|10,032902;-0,000666|0,000133|0,000266;-0,000000|0,000000|0,000000;0,000000|0,000000|-0,000000;74,000000;
1743584330;0,145448|-0,134075|10,030508;-0,000133|-0,000266|0,000932;-0,000000|0,000000|0,000000;0,000000|0,000000|-0,000000;74,000000;
1743584330;0,149638|-0,134075|10,046669;-0,000932|0,000133|0,000799;-0,000000|0,000000|0,000000;0,000000|0,000000|-0,000000;74,000000;
1743584330;0,150236|-0,144849|10,034698;0,001198|0,000000|-0,000799;-0,000000|0,000000|0,000000;0,000000|0,000000|-0,000000;74,000000;
1743584330;0,157419|-0,137068|10,048465;0,000533|-0,000133|0,000133;-0,000000|0,000000|0,000000;0,000000|0,000000|-0,000000;74,000000;
1743584330;0,150236|-0,135871|10,042479;-0,000399|0,000000|-0,000133;-0,000000|0,000000|0,000000;0,000000|0,000000|-0,000000;74,000000;
1743584330;0,150835|-0,140061|10,041282;-0,000266|-0,000266|0,000000;-0,000000|0,000000|0,000000;0,000000|0,000000|-0,000000;74,000000;
1743584330;0,150835|-0,141856|10,038289;0,000399|-0,000133|-0,000399;-0,000000|0,000000|0,000000;0,000000|0,000000|-0,000000;74,000000;
1743584331;0,163404|-0,138864|10,023325;0,000399|-0,000266|0,000000;-0,000000|0,000000|0,000000;0,000000|0,000000|-0,000000;74,000000;
1743584331;0,152630|-0,143054|10,033501;-0,000133|-0,000266|-0,000533;-0,000000|0,000000|0,000000;0,000000|0,000000|-0,000000;74,000000;
1743584331;0,159214|-0,149638|10,041282;0,000000|-0,000533|0,000799;-0,000000|0,000000|0,000000;0,000000|0,000000|-0,000000;74,000000;
1743584331;0,142455|-0,133477|10,036493;-0,001065|-0,000399|0,000266;-0,000000|0,000000|0,000000;0,000000|0,000000|-0,000000;74,000000;
1743584331;0,146046|-0,134075|10,036493;-0,000266|0,000133|-0,000133;-0,000000|0,000000|0,000000;0,000000|0,000000|-0,000000;74,000000;
1743584331;0,155623|-0,143054|10,030508;0,000000|-0,000399|-0,000133;-0,000000|0,000000|0,000000;0,000000|0,000000|-0,000000;74,000000;
1743584331;0,145448|-0,152032|10,042479;-0,000266|0,000533|-0,000399;-0,000000|0,000000|0,000000;0,000000|0,000000|-0,000000;74,000000;
1743584331;0,148441|-0,144849|10,044873;0,000399|0,000533|0,000000;-0,000000|0,000000|0,000000;0,000000|0,000000|-0,000000;74,000000;
1743584331;0,147842|-0,139462|10,034698;0,000000|-0,000399|-0,000133;-0,000000|0,000000|0,000000;0,000000|0,000000|-0,000000;74,000000;
1743584331;0,158616|-0,144251|10,036493;-0,000133|-0,000666|0,000000;-0,000000|0,000000|0,000000;0,000000|0,000000|-0,000000;74,000000;
1743584331;0,156222|-0,134674|10,034698;-0,000399|-0,001332|-0,000133;-0,000000|0,000000|0,000000;0,000000|0,000000|-0,000000;74,000000;
1743584332;0,148441|-0,136469|10,040085;-0,000399|-0,000399|0,000399;-0,000000|0,000000|0,000000;0,000000|0,000000|-0,000000;74,000000;
1743584332;0,150835|-0,135871|10,046669;-0,000266|-0,000266|0,000799;-0,000000|0,000000|0,000000;0,000000|0,000000|-0,000000;74,000000;
1743584332;0,145448|-0,137667|10,035296;0,000000|-0,000266|-0,000399;-0,000000|0,000000|0,000000;0,000000|0,000000|-0,000000;74,000000;
1743584332;0,138265|-0,132280|10,040085;0,000533|0,000000|0,000000;-0,000000|0,000000|0,000000;0,000000|0,000000|-0,000000;74,000000;
1743584332;0,146046|-0,143054|10,037690;0,000666|0,000000|0,000266;-0,000000|0,000000|0,000000;0,000000|0,000000|-0,000000;74,000000;
1743584332;0,151433|-0,135871|10,033501;0,000000|0,000399|0,000799;-0,000000|0,000000|0,000000;0,000000|0,000000|-0,000000;74,000000;
1743584332;0,143054|-0,144251|10,035894;-0,000133|0,000133|-0,000399;-0,000000|0,000000|0,000000;0,000000|0,000000|-0,000000;74,000000;
1743584332;0,150835|-0,136469|10,046070;-0,000133|0,000533|-0,000799;-0,000000|0,000000|0,000000;0,000000|0,000000|-0,000000;74,000000;
1743584332;0,149638|-0,141856|10,035296;-0,001065|-0,000533|0,000000;-0,000000|0,000000|0,000000;0,000000|0,000000|-0,000000;74,000000;
1743584333;0,148441|-0,134075|10,031705;0,000399|-0,000666|-0,000399;-0,000000|0,000000|0,000000;0,000000|0,000000|-0,000000;74,000000;
1743584333;0,143652|-0,141856|10,030508;0,000666|-0,000133|-0,000266;-0,000000|0,000000|0,000000;0,000000|0,000000|-0,000000;74,000000;
1743584333;0,159214|-0,135871|10,034698;0,000799|0,000399|0,000000;-0,000000|0,000000|0,000000;0,000000|0,000000|-0,000000;74,000000;
1743584333;0,159813|-0,146645|10,029909;-0,000799|0,000266|0,000399;-0,000000|0,000000|0,000000;0,000000|0,000000|-0,000000;74,000000;
1743584333;0,155025|-0,147842|10,022128;0,000533|0,000000|-0,000266;-0,000000|0,000000|0,000000;0,000000|0,000000|-0,000000;74,000000;
1743584333;0,145448|-0,138864|10,046669;0,000000|0,000000|0,000000;-0,000000|0,000000|0,000000;0,000000|0,000000|-0,000000;74,000000;
1743584333;0,150835|-0,146645|10,035296;0,000000|-0,000266|0,001731;-0,000000|0,000000|0,000000;0,000000|0,000000|-0,000000;74,000000;
1743584333;0,147842|-0,144251|10,037690;0,000000|-0,000399|-0,000399;-0,000000|0,000000|0,000000;0,000000|0,000000|-0,000000;74,000000;
1743584333;0,150236|-0,142455|10,033501;0,000000|0,000133|0,000000;-0,000000|0,000000|0,000000;0,000000|0,000000|-0,000000;74,000000;
1743584333;0,145448|-0,142455|10,036493;-0,001065|0,000000|0,000000;-0,000000|0,000000|0,000000;0,000000|0,000000|-0,000000;74,000000;
1743584334;0,156820|-0,150236|10,044274;-0,001198|-0,000799|0,000000;-0,000000|0,000000|0,000000;0,000000|0,000000|-0,000000;74,000000;
1743584334;0,143054|-0,138864|10,031106;-0,001198|0,000266|0,000133;-0,000000|0,000000|0,000000;0,000000|0,000000|-0,000000;74,000000;
1743584334;0,149638|-0,147243|10,037092;-0,000399|-0,000266|-0,000133;-0,000000|0,000000|0,000000;0,000000|0,000000|-0,000000;74,000000;
1743584334;0,143652|-0,131681|10,031106;0,000666|0,000000|0,000799;-0,000000|0,000000|0,000000;0,000000|0,000000|-0,000000;74,000000;
1743584334;0,151433|-0,147243|10,040683;0,000133|0,000399|-0,000133;-0,000000|0,000000|0,000000;0,000000|0,000000|-0,000000;74,000000;
1743584334;0,140659|-0,144849|10,042479;-0,000133|-0,000533|0,000399;-0,000000|0,000000|0,000000;0,000000|0,000000|-0,000000;74,000000;
1743584334;0,147842|-0,147842|10,043676;-0,000932|0,000266|0,000266;-0,000000|0,000000|0,000000;0,000000|0,000000|-0,000000;74,000000;
1743584334;0,153827|-0,132878|10,029311;-0,000133|0,000266|-0,000133;-0,000000|0,000000|0,000000;0,000000|0,000000|-0,000000;74,000000;
1743584334;0,152032|-0,147842|10,046070;-0,000266|-0,000533|0,000533;-0,000000|0,000000|0,000000;0,000000|0,000000|-0,000000;74,000000;
1743584334;0,144251|-0,138864|10,031106;-0,000133|-0,000533|0,000000;-0,000000|0,000000|0,000000;0,000000|0,000000|-0,000000;74,000000;
1743584335;0,144849|-0,144849|10,036493;0,000266|-0,000666|-0,000666;-0,000000|0,000000|0,000000;0,000000|0,000000|-0,000000;74,000000;
1743584335;0,156222|-0,138265|10,031705;0,000133|0,000133|-0,000266;-0,000000|0,000000|0,000000;0,000000|0,000000|-0,000000;74,000000;
1743584335;0,141856|-0,138265|10,031106;-0,000266|0,000266|0,000533;-0,000000|0,000000|0,000000;0,000000|0,000000|-0,000000;74,000000;
1743584335;0,159813|-0,143652|10,033501;0,000666|-0,000133|0,000266;-0,000000|0,000000|0,000000;0,000000|0,000000|-0,000000;74,000000;
1743584335;0,146046|-0,137068|10,036493;-0,000533|-0,000133|0,000666;-0,000000|0,000000|0,000000;0,000000|0,000000|-0,000000;74,000000;
1743584335;0,156222|-0,137667|10,040085;-0,000133|-0,000133|0,000799;-0,000000|0,000000|0,000000;0,000000|0,000000|-0,000000;74,000000;
1743584335;0,147243|-0,140061|10,040085;0,000000|0,000000|0,000000;-0,000000|0,000000|0,000000;0,000000|0,000000|-0,000000;74,000000;
1743584335;0,155623|-0,146645|10,037092;0,000133|0,000133|0,000000;-0,000000|0,000000|0,000000;0,000000|0,000000|-0,000000;74,000000;
1743584335;0,153827|-0,140061|10,030508;0,000399|0,000000|0,000000;-0,000000|0,000000|0,000000;0,000000|0,000000|-0,000000;74,000000;
1743584335;0,144251|-0,152630|10,023924;0,000533|-0,000533|0,000000;-0,000000|0,000000|0,000000;0,000000|0,000000|-0,000000;74,000000;
1743584336;0,153827|-0,143054|10,037092;-0,001065|0,000533|-0,000399;-0,000000|0,000000|0,000000;0,000000|0,000000|-0,000000;74,000000;
1743584336;0,147842|-0,137068|10,036493;-0,000266|0,000000|-0,000533;-0,000000|0,000000|0,000000;0,000000|0,000000|-0,000000;74,000000;
1743584336;0,146046|-0,130484|10,035894;-0,000666|0,000533|0,000399;-0,000000|0,000000|0,000000;0,000000|0,000000|-0,000000;74,000000;
1743584336;0,147243|-0,139462|10,037690;-0,000133|0,000133|-0,000133;-0,000000|0,000000|0,000000;0,000000|0,000000|-0,000000;74,000000;
1743584336;0,153229|-0,136469|10,038888;-0,000533|-0,000533|0,000666;-0,000000|0,000000|0,000000;0,000000|0,000000|-0,000000;74,000000;
1743584336;0,156820|-0,139462|10,033501;0,000133|-0,000533|-0,000266;-0,000000|0,000000|0,000000;0,000000|0,000000|-0,000000;74,000000;
1743584336;0,152630|-0,140061|10,035894;0,001065|0,000533|-0,000533;-0,000000|0,000000|0,000000;0,000000|0,000000|-0,000000;74,000000;
1743584336;0,150835|-0,138864|10,031705;0,000000|-0,000399|0,000000;-0,000000|0,000000|0,000000;0,000000|0,000000|-0,000000;74,000000;
1743584336;0,156222|-0,142455|10,035296;0,000000|-0,000799|-0,000133;-0,000000|0,000000|0,000000;0,000000|0,000000|-0,000000;74,000000;
1743584336;0,155623|-0,130484|10,028712;0,000000|-0,000133|0,000799;-0,000000|0,000000|0,000000;0,000000|0,000000|-0,000000;74,000000;
1743584337;0,152032|-0,134674|10,034698;0,001198|0,000399|0,000000;-0,000000|0,000000|0,000000;0,000000|0,000000|-0,000000;74,000000;
1743584337;0,143054|-0,140061|10,041881;0,000266|-0,000266|0,000266;-0,000000|0,000000|0,000000;0,000000|0,000000|-0,000000;74,000000;
1743584337;0,147842|-0,149638|10,043676;-0,000133|-0,001065|0,000666;-0,000000|0,000000|0,000000;0,000000|0,000000|-0,000000;74,000000;
1743584337;0,153229|-0,140061|10,033501;0,000000|-0,000799|0,000266;-0,000000|0,000000|0,000000;0,000000|0,000000|-0,000000;74,000000;
1743584337;0,145448|-0,134674|10,031705;0,000000|-0,000533|0,000000;-0,000000|0,000000|0,000000;0,000000|0,000000|-0,000000;74,000000;
1743584337;0,150835|-0,131083|10,044274;-0,000266|-0,000399|0,000000;-0,000000|0,000000|0,000000;0,000000|0,000000|-0,000000;74,000000;
1743584337;0,141856|-0,134674|10,030508;-0,000399|0,000133|0,000666;-0,000000|0,000000|0,000000;0,000000|0,000000|-0,000000;74,000000;
1743584337;0,161010|-0,144251|10,042479;0,000000|0,000133|-0,000533;-0,000000|0,000000|0,000000;0,000000|0,000000|-0,000000;74,000000;
1743584337;0,146046|-0,131083|10,033501;0,000000|0,000000|0,000000;-0,000000|0,000000|0,000000;0,000000|0,000000|-0,000000;74,000000;
1743584337;0,140659|-0,137667|10,040085;0,000666|0,000133|-0,000266;-0,000000|0,000000|0,000000;0,000000|0,000000|-0,000000;74,000000;
1743584338;0,151433|-0,135871|10,045471;-0,000266|0,000666|0,000399;-0,000000|0,000000|0,000000;0,000000|0,000000|-0,000000;74,000000;
1743584338;0,150835|-0,137667|10,047866;0,000666|0,000799|-0,000266;-0,000000|0,000000|0,000000;0,000000|0,000000|-0,000000;74,000000;
1743584338;0,158017|-0,136469|10,030508;0,000266|0,000133|-0,000133;-0,000000|0,000000|0,000000;0,000000|0,000000|-0,000000;74,000000;
1743584338;0,146645|-0,146645|10,036493;-0,000266|-0,000932|0,000000;-0,000000|0,000000|0,000000;0,000000|0,000000|-0,000000;74,000000;
1743584338;0,151433|-0,141856|10,037092;0,000266|0,000666|0,000000;-0,000000|0,000000|0,000000;0,000000|0,000000|-0,000000;74,000000;
1743584338;0,150835|-0,141856|10,035894;0,000133|-0,000133|0,000000;-0,000000|0,000000|0,000000;0,000000|0,000000|-0,000000;74,000000;
1743584338;0,144849|-0,138864|10,035894;-0,000133|-0,000399|0,000266;-0,000000|0,000000|0,000000;0,000000|0,000000|-0,000000;74,000000;
1743584338;0,152630|-0,152032|10,033501;0,000533|-0,000133|0,000000;-0,000000|0,000000|0,000000;0,000000|0,000000|-0,000000;74,000000;
1743584338;0,147842|-0,142455|10,037690;0,000000|0,000533|0,000533;-0,000000|0,000000|0,000000;0,000000|0,000000|-0,000000;74,000000;
1743584338;0,150236|-0,129885|10,035894;-0,000399|-0,000133|0,000399;-0,000000|0,000000|0,000000;0,000000|0,000000|-0,000000;74,000000;
1743584339;0,142455|-0,149039|10,041881;0,000133|0,000000|-0,000399;-0,000000|0,000000|0,000000;0,000000|0,000000|-0,000000;74,000000;
1743584339;0,138864|-0,135272|10,030508;-0,000399|0,000533|0,000399;-0,000000|0,000000|0,000000;0,000000|0,000000|-0,000000;74,000000;
1743584339;0,152032|-0,153229|10,038888;0,000133|0,000133|0,000133;-0,000000|0,000000|0,000000;0,000000|0,000000|-0,000000;74,000000;
1743584339;0,160412|-0,134075|10,027515;0,000000|-0,000666|-0,000399;-0,000000|0,000000|0,000000;0,000000|0,000000|-0,000000;74,000000;
1743584339;0,138864|-0,139462|10,028113;0,000000|0,000399|-0,000133;-0,000000|0,000000|0,000000;0,000000|0,000000|-0,000000;74,000000;
1743584339;0,150835|-0,138864|10,038289;-0,001332|0,000533|0,000000;-0,000000|0,000000|0,000000;0,000000|0,000000|-0,000000;74,000000;
1743584339;0,147842|-0,140061|10,028113;0,000000|0,000133|0,000000;-0,000000|0,000000|0,000000;0,000000|0,000000|-0,000000;74,000000;
1743584339;0,143054|-0,137068|10,034698;-0,000266|0,000000|0,000266;-0,000000|0,000000|0,000000;0,000000|0,000000|-0,000000;74,000000;
1743584339;0,143054|-0,135272|10,037690;0,000133|0,000133|-0,000266;-0,000000|0,000000|0,000000;0,000000|0,000000|-0,000000;74,000000;
1743584339;0,150236|-0,130484|10,044274;0,000399|0,000799|0,000000;-0,000000|0,000000|0,000000;0,000000|0,000000|-0,000000;74,000000;
1743584340;0,155025|-0,144251|10,034698;-0,000133|0,000000|0,000000;-0,000000|0,000000|0,000000;0,000000|0,000000|-0,000000;74,000000;
1743584340;0,148441|-0,150236|10,038888;0,000133|-0,000666|0,000133;-0,000000|0,000000|0,000000;0,000000|0,000000|-0,000000;74,000000;
1743584340;0,153229|-0,126893|10,045471;0,000266|-0,000799|0,000399;-0,000000|0,000000|0,000000;0,000000|0,000000|-0,000000;74,000000;
1743584340;0,144849|-0,129287|10,035894;0,000133|0,000266|0,000000;-0,000000|0,000000|0,000000;0,000000|0,000000|-0,000000;74,000000;
1743584340;0,138864|-0,139462|10,028113;0,000399|-0,000266|0,000799;-0,000000|0,000000|0,000000;0,000000|0,000000|-0,000000;74,000000;
1743584340;0,147243|-0,144251|10,036493;-0,001065|-0,000133|0,000666;-0,000000|0,000000|0,000000;0,000000|0,000000|-0,000000;74,000000;
1743584340;0,156820|-0,142455|10,032304;0,000133|0,000666|0,000266;-0,000000|0,000000|0,000000;0,000000|0,000000|-0,000000;74,000000;
1743584340;0,144251|-0,141856|10,035894;0,000000|-0,000266|0,000799;-0,000000|0,000000|0,000000;0,000000|0,000000|-0,000000;74,000000;
1743584340;0,147243|-0,138265|10,031106;-0,000533|0,000799|-0,000133;-0,000000|0,000000|0,000000;0,000000|0,000000|-0,000000;74,000000;
1743584340;0,145448|-0,137667|10,028113;-0,000533|0,000399|-0,000266;-0,000000|0,000000|0,000000;0,000000|0,000000|-0,000000;74,000000;
1743584341;0,155025|-0,133477|10,032304;-0,000133|0,000133|-0,000133;-0,000000|0,000000|0,000000;0,000000|0,000000|-0,000000;74,000000;
1743584341;0,144251|-0,143054|10,038289;-0,000266|-0,000666|0,000133;-0,000000|0,000000|0,000000;0,000000|0,000000|-0,000000;74,000000;
1743584341;0,156820|-0,138864|10,041282;0,000266|0,000266|0,000799;-0,000000|0,000000|0,000000;0,000000|0,000000|-0,000000;74,000000;
1743584341;0,141258|-0,132280|10,036493;0,000000|-0,000266|0,000000;-0,000000|0,000000|0,000000;0,000000|0,000000|-0,000000;74,000000;
1743584341;0,146046|-0,149039|10,031705;-0,000133|0,000000|0,000133;-0,000000|0,000000|0,000000;0,000000|0,000000|-0,000000;74,000000;
1743584341;0,155025|-0,142455|10,028712;-0,001198|-0,000666|0,000000;-0,000000|0,000000|0,000000;0,000000|0,000000|-0,000000;74,000000;
1743584341;0,149638|-0,139462|10,032902;0,000533|0,000533|-0,000133;-0,000000|0,000000|0,000000;0,000000|0,000000|-0,000000;74,000000;
1743584341;0,146645|-0,131681|10,037690;0,000000|0,000266|0,000666;-0,000000|0,000000|0,000000;0,000000|0,000000|-0,000000;74,000000;
1743584341;0,138864|-0,140659|10,031106;0,000000|0,000133|0,000000;-0,000000|0,000000|0,000000;0,000000|0,000000|-0,000000;74,000000;
1743584341;0,149638|-0,140659|10,040085;-0,000399|-0,000666|0,000133;-0,000000|0,000000|0,000000;0,000000|0,000000|-0,000000;74,000000;
1743584342;0,147243|-0,144251|10,034100;-0,000399|0,000133|-0,000266;-0,000000|0,000000|0,000000;0,000000|0,000000|-0,000000;74,000000;
1743584342;0,150236|-0,138864|10,031705;-0,000399|-0,000399|-0,000266;-0,000000|0,000000|0,000000;0,000000|0,000000|-0,000000;74,000000;
1743584342;0,144251|-0,140659|10,031705;0,000000|-0,000932|-0,000666;-0,000000|0,000000|0,000000;0,000000|0,000000|-0,000000;74,000000;
1743584342;0,148441|-0,143652|10,043676;0,000000|-0,000666|0,000533;-0,000000|0,000000|0,000000;0,000000|0,000000|-0,000000;74,000000;
1743584342;0,141258|-0,137667|10,017939;0,000799|-0,001065|0,000666;-0,000000|0,000000|0,000000;0,000000|0,000000|-0,000000;74,000000;
1743584342;0,144849|-0,146046|10,026318;-0,000133|0,000533|0,000000;-0,000000|0,000000|0,000000;0,000000|0,000000|-0,000000;74,000000;
1743584342;0,149638|-0,145448|10,027515;0,000000|0,000000|0,000266;-0,000000|0,000000|0,000000;0,000000|0,000000|-0,000000;74,000000;
1743584342;0,143054|-0,137667|10,034698;-0,000266|0,000000|0,000266;-0,000000|0,000000|0,000000;0,000000|0,000000|-0,000000;74,000000;
1743584342;0,150835|-0,150236|10,047866;0,000266|0,000399|-0,000266;-0,000000|0,000000|0,000000;0,000000|0,000000|-0,000000;74,000000;
1743584342;0,154426|-0,146046|10,036493;-0,000266|0,000533|-0,000533;-0,000000|0,000000|0,000000;0,000000|0,000000|-0,000000;74,000000;
1743584343;0,158017|-0,135871|10,038888;0,000000|-0,000666|0,000000;-0,000000|0,000000|0,000000;0,000000|0,000000|-0,000000;74,000000;
1743584343;0,152630|-0,136469|10,035296;0,000266|-0,000799|-0,000133;-0,000000|0,000000|0,000000;0,000000|0,000000|-0,000000;74,000000;
1743584343;0,152630|-0,132878|10,032902;-0,000932|-0,000799|0,000932;-0,000000|0,000000|0,000000;0,000000|0,000000|-0,000000;74,000000;
1743584343;0,154426|-0,137667|10,042479;0,000000|0,000000|-0,000133;-0,000000|0,000000|0,000000;0,000000|0,000000|-0,000000;74,000000;
1743584343;0,155623|-0,147842|10,035894;0,000000|0,000000|0,000000;-0,000000|0,000000|0,000000;0,000000|0,000000|-0,000000;74,000000;
1743584343;0,151433|-0,147842|10,043676;0,000266|-0,000533|0,000000;-0,000000|0,000000|0,000000;0,000000|0,000000|-0,000000;74,000000;
1743584343;0,156820|-0,135871|10,041282;0,000533|0,000133|0,000133;-0,000000|0,000000|0,000000;0,000000|0,000000|-0,000000;74,000000;
1743584343;0,147243|-0,143652|10,031705;0,000133|0,000133|0,000399;-0,000000|0,000000|0,000000;0,000000|0,000000|-0,000000;74,000000;
1743584343;0,155623|-0,140061|10,041282;0,000399|0,000133|0,000666;-0,000000|0,000000|0,000000;0,000000|0,000000|-0,000000;74,000000;
1743584343;0,145448|-0,149039|10,036493;0,000133|0,000266|0,000000;-0,000000|0,000000|0,000000;0,000000|0,000000|-0,000000;74,000000;
1743584344;0,158017|-0,143054|10,037690;0,000666|0,000799|-0,000399;-0,000000|0,000000|0,000000;0,000000|0,000000|-0,000000;74,000000;
1743584344;0,147842|-0,136469|10,026917;-0,000266|0,000533|0,000932;-0,000000|0,000000|0,000000;0,000000|0,000000|-0,000000;74,000000;
1743584344;0,138864|-0,136469|10,029311;0,000533|0,000533|-0,000533;-0,000000|0,000000|0,000000;0,000000|0,000000|-0,000000;74,000000;
1743584344;0,153229|-0,134674|10,032902;0,000000|-0,000932|-0,000399;-0,000000|0,000000|0,000000;0,000000|0,000000|-0,000000;74,000000;
1743584344;0,149638|-0,138265|10,028712;0,000133|0,000399|-0,000666;-0,000000|0,000000|0,000000;0,000000|0,000000|-0,000000;74,000000;
1743584344;0,153229|-0,140061|10,025121;0,000133|0,001198|0,000533;-0,000000|0,000000|0,000000;0,000000|0,000000|-0,000000;74,000000;
1743584344;0,149638|-0,142455|10,037092;-0,000133|-0,000533|0,000000;-0,000000|0,000000|0,000000;0,000000|0,000000|-0,000000;74,000000;
1743584344;0,152630|-0,138265|10,030508;0,000133|0,000133|0,000399;-0,000000|0,000000|0,000000;0,000000|0,000000|-0,425948;74,000000;
1743584344;0,161609|-0,195127|10,035894;0,000799|0,000533|-0,019441;-0,000000|0,000000|0,000000;0,000000|0,000000|-0,580108;74,000000;
1743584344;0,234632|-0,240019|10,052654;-0,002397|0,000666|-0,142479;-0,000000|0,000000|0,000000;0,000000|0,000000|-0,227012;74,000000;
1743584345;0,054468|-0,009577|10,051457;0,001864|-0,000666|-0,172706;-0,000000|0,000000|0,000000;0,000000|0,000000|-0,000000;74,000000;
1743584345;0,076614|-0,091578|10,058640;0,000000|0,000799|-0,014115;-0,000000|0,000000|0,000000;0,000000|0,000000|0,450832;74,000000;
1743584345;0,110732|-0,080206|10,040683;-0,001065|0,000133|0,022903;-0,000000|0,000000|0,000000;0,000000|0,000000|0,550290;74,000000;
1743584345;0,039504|-0,168791|10,056844;-0,003462|0,000932|0,102665;-0,000000|0,000000|0,000000;0,000000|0,000000|0,207140;74,000000;
1743584345;0,232238|-0,237625|10,050260;0,001864|-0,000266|0,221974;-0,000000|0,000000|0,000000;0,000000|0,000000|-0,000000;74,000000;
1743584345;0,293290|-0,219069|10,000581;0,001864|-0,000666|0,045673;-0,000000|0,000000|0,000000;0,000000|0,000000|-0,000000;74,000000;
1743584345;0,128688|-0,144251|10,046070;0,000266|0,000533|-0,011984;-0,000000|0,000000|0,000000;0,000000|0,000000|-0,000000;74,000000;
1743584345;0,161609|-0,135871|10,035296;0,000799|-0,000266|0,004394;-0,000000|0,000000|0,000000;0,000000|0,000000|-0,000000;74,000000;
1743584345;0,150236|-0,129287|10,037690;-0,000399|-0,000133|-0,000266;-0,000000|0,000000|0,000000;0,000000|0,000000|-0,000000;74,000000;
1743584345;0,149039|-0,148441|10,043077;0,000533|-0,000799|0,000266;0,044405|0,000000|0,000000;0,000000|0,000000|-0,000000;74,000000;
1743584346;0,155025|-0,147243|10,028113;0,000133|-0,000533|0,000266;0,252965|0,000000|0,000000;0,000000|0,000000|-0,000000;74,000000;
1743584346;0,168791|0,077213|10,062231;0,001864|-0,000799|0,023170;0,549178|0,000000|0,000000;0,000000|0,000000|-0,000000;74,000000;
1743584346;0,113725|0,169390|10,066421;0,003728|-0,000932|0,004128;0,560781|0,000000|0,000000;0,000000|0,000000|-0,000000;74,000000;
1743584346;0,138265|0,191536|10,031106;0,002929|0,001065|0,007590;0,549178|0,000000|0,000000;0,000000|0,000000|-0,000000;74,000000;
1743584346;0,122104|0,201711|10,027515;0,003329|0,002929|0,011984;0,221592|0,000000|0,000000;0,000000|0,000000|-0,000000;74,000000;
1743584346;0,113126|0,043694|10,044274;-0,000133|0,001198|0,003329;-0,000000|0,000000|0,000000;0,000000|0,000000|-0,000000;74,000000;
1743584346;0,086191|-0,219069|9,998186;0,009854|-0,014781|-0,042477;-0,000000|0,000000|0,000000;0,000000|0,000000|-0,000000;74,000000;
1743584346;-0,008978|-1,127669|10,056246;0,004394|0,003862|-0,020240;-0,000000|0,000000|0,000000;0,000000|0,000000|-0,000000;74,000000;
1743584346;0,085593|-0,304064|10,059238;0,001864|0,002796|-0,002663;-0,000000|0,000000|0,000000;0,000000|0,000000|-0,000000;74,000000;
1743584346;0,078410|-0,039504|10,024523;0,000666|0,002264|0,000533;-0,000000|0,000000|0,000000;0,000000|0,000000|-0,000000;74,000000;
1743584347;0,105345|-0,149039|10,050260;-0,001465|0,001465|-0,002397;-0,000000|0,000000|0,000000;0,000000|0,000000|-0,008204;74,000000;
1743584347;0,135272|-0,148441|10,025720;0,000399|0,000399|0,000533;-0,000000|0,000000|0,000000;0,000000|0,000000|-0,197175;74,000000;
1743584347;0,163404|-0,161010|10,050858;-0,000932|0,000799|-0,009321;-0,000000|0,000000|0,000000;0,000000|0,000000|-0,052961;74,000000;
1743584347;0,101754|-0,009577|10,036493;-0,001065|0,000666|-0,015180;0,073413|0,000000|0,000000;0,000000|0,000000|-0,000000;74,000000;
1743584347;0,154426|-0,059855|10,045471;0,000533|0,000266|-0,004794;0,166241|0,000000|0,000000;0,000000|0,000000|-0,231985;74,000000;
1743584347;0,153827|0,090381|10,022727;0,003196|0,001332|-0,039947;0,166241|0,000000|0,000000;0,000000|0,000000|-0,386165;74,000000;
1743584347;0,192135|-0,120907|10,029311;-0,002796|0,000533|-0,109056;-0,000000|0,000000|0,000000;0,000000|0,000000|-0,263860;74,000000;
1743584347;0,197522|-0,087987|10,045471;0,000932|0,000533|-0,167113;0,166241|0,000000|0,000000;0,000000|0,000000|-0,291680;74,000000;
1743584347;0,151433|-0,132878|10,047866;0,002264|0,001598|-0,200003;0,166241|0,000000|0,000000;0,000000|0,000000|-0,000000;74,000000;
1743584347;0,169390|-0,093374|9,994595;0,002929|0,002663|-0,184158;0,166241|0,000000|0,000000;0,000000|0,000000|-0,000000;74,000000;
1743584348;0,141856|0,136469|10,045471;-0,004927|-0,000666|-0,155262;0,166241|0,000000|0,000000;0,000000|0,000000|-0,000000;74,000000;
1743584348;0,202310|-0,015562|10,010158;0,007057|0,000666|-0,111986;0,172043|0,000000|0,000000;0,000000|0,000000|-0,000000;74,000000;
1743584348;0,171784|0,117914|9,999982;-0,002530|0,000533|-0,079629;0,247465|0,000000|0,000000;0,000000|0,000000|-0,000000;74,000000;
1743584348;0,175974|-0,035913|10,007763;0,000799|0,000932|-0,031692;0,247465|0,000000|0,000000;0,000000|0,000000|-0,000000;74,000000;
1743584348;0,182558|0,122703|10,030508;0,007457|0,000133|-0,003862;0,247465|0,000000|0,000000;0,000000|0,000000|0,381211;74,000000;
1743584348;0,125696|0,056264|10,029909;0,004394|-0,001332|0,058057;0,230060|0,000000|0,000000;0,000000|0,000000|0,127573;74,000000;
1743584348;0,047285|-0,053271|10,032902;0,002131|-0,000932|0,146074;0,201051|0,000000|0,000000;0,000000|0,000000|-0,000000;74,000000;
1743584348;0,152032|-0,175375|10,113707;0,000266|0,001731|0,143145;0,172043|0,000000|0,000000;0,000000|0,000000|-0,000000;74,000000;
1743584348;0,141856|-0,164003|10,072407;0,001731|0,001864|0,103331;0,154637|0,000000|0,000000;0,000000|0,000000|0,490615;74,000000;
1743584348;0,139462|-0,205303|10,040085;0,005859|0,000399|0,084555;0,148836|0,000000|0,000000;0,000000|0,000000|0,505534;74,000000;
1743584349;0,090980|-0,390853|10,028113;-0,003995|0,000533|0,219178;0,131431|0,000000|0,000000;0,000000|0,000000|0,087790;74,000000;
1743584349;0,119112|-0,559645|10,074202;-0,004794|-0,000799|0,269911;0,114025|0,000000|0,000000;0,000000|0,000000|-0,000000;74,000000;
1743584349;0,138864|-0,263961|10,036493;-0,000666|0,001065|0,163119;0,114025|0,000000|0,000000;0,000000|0,000000|-0,000000;74,000000;
1743584349;0,132878|0,048483|10,059836;0,001465|-0,001198|0,108923;0,131431|0,000000|0,000000;0,000000|0,000000|-0,000000;74,000000;
1743584349;0,154426|0,151433|9,989806;0,002530|0,000666|0,074702;0,137232|0,000000|0,000000;0,000000|0,000000|-0,000000;74,000000;
1743584349;0,146645|-0,011971|10,066421;-0,005593|-0,000399|0,039947;0,137232|0,000000|0,000000;0,000000|0,000000|-0,000000;74,000000;
1743584349;0,135871|0,077812|10,052654;0,003196|-0,001731|0,018509;0,137232|0,000000|0,000000;0,000000|0,000000|-0,000000;74,000000;
1743584349;0,128688|0,073622|10,015544;-0,005326|-0,000932|0,001465;0,137232|0,000000|0,000000;0,000000|0,000000|-0,000000;74,000000;
1743584349;0,128090|-0,053870|10,024523;0,001332|0,003196|0,002796;0,137232|0,000000|0,000000;0,000000|0,000000|-0,000000;74,000000;
1743584349;0,034117|-0,199916|10,045471;-0,000266|0,002397|0,001065;0,137232|0,000000|0,000000;0,000000|0,000000|-0,000000;74,000000;
1743584350;0,147842|0,034117|9,971849;-0,003196|0,000000|-0,012916;0,137232|0,000000|0,000000;0,000000|0,000000|-0,000000;74,000000;
1743584350;0,048483|-0,156820|9,963470;-0,004927|-0,000266|-0,007191;0,137232|0,000000|0,000000;0,000000|0,000000|-0,000000;74,000000;
1743584350;0,164003|-0,208894|10,060435;0,008123|0,006392|-0,001864;0,137232|0,000000|0,000000;0,000000|0,000000|-0,000000;74,000000;
1743584350;0,159214|-0,079607|10,117298;-0,002663|-0,004661|-0,008655;0,137232|0,000000|0,000000;0,000000|0,000000|-0,000000;74,000000;
1743584350;0,095170|-0,131083|10,022727;-0,003063|-0,000266|-0,006924;0,137232|0,000000|0,000000;0,000000|0,000000|-0,000000;74,000000;
1743584350;0,164601|-0,189740|10,117896;0,003595|0,001997|-0,002929;-0,000000|0,000000|0,000000;0,000000|0,000000|-0,000000;74,000000;
1743584350;0,171784|-0,024541|10,026318;-0,004394|0,000533|0,006924;0,137232|0,000000|0,000000;0,000000|0,000000|0,281734;74,000000;
1743584350;0,011971|-0,232238|9,972448;-0,012517|-0,000266|0,036086;0,143034|0,000000|0,000000;0,000000|0,000000|0,008224;74,000000;
1743584350;0,085593|-0,447117|10,075997;0,007989|0,001598|0,085221;0,195250|0,000000|0,000000;0,000000|0,000000|-0,000000;74,000000;
1743584350;0,132280|-0,191536|10,023325;-0,001065|0,001864|0,035686;0,201051|0,000000|0,000000;0,000000|0,000000|-0,000000;74,000000;
1743584351;0,140061|-0,193332|10,056844;0,000533|0,000266|0,033023;0,201051|0,000000|0,000000;0,000000|0,000000|-0,000000;74,000000;
1743584351;0,174777|-0,219069|10,050858;-0,008655|0,001065|0,009721;0,201051|0,000000|0,000000;0,000000|0,000000|-0,000000;74,000000;
1743584351;0,154426|-0,112527|10,004770;0,002530|0,001198|0,008922;0,212655|0,000000|0,000000;0,000000|0,000000|-0,000000;74,000000;
1743584351;0,144849|-0,122104|10,044274;0,001332|-0,000666|-0,018376;0,462152|0,000000|0,000000;0,000000|0,000000|-0,000000;74,000000;
1743584351;0,130484|0,137068|10,053851;0,002929|0,000799|0,001997;0,485358|0,000000|0,000000;0,000000|0,000000|-0,000000;74,000000;
1743584351;0,140659|0,210690|10,034698;0,001332|0,000266|-0,000799;0,485358|0,000000|0,000000;0,000000|0,000000|-0,000000;74,000000;
1743584351;0,124498|0,238223|10,050858;-0,000666|-0,000932|-0,003196;0,485358|0,000000|0,000000;0,000000|0,000000|-0,000000;74,000000;
1743584351;0,183755|0,243610|9,901221;-0,005326|-0,000799|-0,001864;0,485358|0,000000|0,000000;0,000000|0,000000|-0,000000;74,000000;
1743584351;0,165798|0,267552|9,957484;-0,001997|0,003063|0,000932;0,479557|0,000000|0,000000;0,000000|0,000000|-0,000000;74,000000;
1743584351;0,213084|0,231639|10,011952;0,004661|0,000133|0,001198;0,467953|0,000000|0,000000;0,000000|0,000000|-0,000000;74,000000;
1743584352;-0,061651|0,135871|9,981427;-0,002264|-0,005193|-0,008256;0,444746|0,000000|0,000000;0,000000|0,000000|-0,000000;74,000000;
1743584352;0,044293|0,238822|9,914988;-0,007723|-0,000799|-0,005992;0,127473|0,000000|0,000000;0,000000|0,000000|-0,000000;74,000000;
1743584352;0,083199|-0,390853|9,936536;-0,006125|0,007324|0,001598;0,088256|0,000000|0,000000;0,000000|0,000000|-0,000000;74,000000;
1743584352;0,065841|-0,509366|10,085574;0,001198|-0,000133|0,001465;0,241663|0,000000|0,000000;0,000000|0,000000|-0,000000;74,000000;
1743584352;0,296282|-0,267552|10,182540;0,014248|0,002929|-0,003728;0,111786|0,000000|0,000000;0,000000|0,000000|-0,000000;74,000000;
1743584352;0,195726|-0,195726|10,001778;0,001864|-0,005060|-0,002796;0,080413|0,000000|0,000000;0,000000|0,000000|-0,000000;74,000000;
1743584352;0,236427|-0,263961|9,983821;0,001065|-0,003329|-0,000266;-0,000000|0,000000|0,000000;0,000000|0,000000|-0,000000;74,000000;
1743584352;0,079009|-0,789488|10,070611;-0,017177|-0,002929|-0,018775;-0,000000|0,000000|0,000000;0,000000|0,000000|-0,000000;74,000000;
1743584352;0,142455|-1,022324|10,010756;0,004527|-0,000266|-0,013449;-0,000000|0,000000|0,000000;0,000000|0,000000|-0,000000;74,000000;
1743584352;0,105943|-0,818817|10,023924;0,005726|-0,000266|-0,013449;0,119827|0,000000|0,000000;0,000000|0,000000|-0,000000;74,000000;
1743584353;0,105943|-0,074819|10,068815;0,003728|0,000000|0,012384;0,205905|0,000000|0,000000;0,000000|0,000000|-0,000000;74,000000;
1743584353;0,082001|0,221464|10,024523;0,004261|0,000133|-0,006791;0,357720|0,000000|0,000000;0,000000|0,000000|-0,000000;74,000000;
1743584353;0,119710|0,232238|10,049063;-0,000799|0,000666|-0,001065;0,237278|0,000000|0,000000;0,000000|0,000000|-0,000000;74,000000;
1743584353;0,138864|0,193332|10,089765;-0,001332|-0,001332|-0,002929;0,357720|0,000000|0,000000;0,000000|0,000000|-0,000000;74,000000;
1743584353;0,135272|0,158616|10,041282;0,005992|-0,002663|-0,007590;0,357720|0,000000|0,000000;0,000000|0,000000|-0,000000;74,000000;
1743584353;0,143652|0,304662|9,964667;0,003462|0,000000|-0,002397;0,357720|0,000000|0,000000;0,000000|0,000000|-0,000000;74,000000;
1743584353;0,028730|0,092775|10,104728;0,000666|-0,002530|-0,000399;0,357720|0,000000|0,000000;0,000000|0,000000|-0,000000;74,000000;
1743584353;0,330998|0,174777|9,814431;0,005193|0,009854|0,006258;0,357720|0,000000|0,000000;0,000000|0,000000|-0,000000;74,000000;
1743584353;0,351349|0,166996|9,818023;-0,000932|0,009454|0,011052;0,357720|0,000000|0,000000;0,000000|0,000000|-0,000000;74,000000;
1743584353;0,410007|0,129885|10,040085;0,007723|0,002264|0,011318;0,357720|0,000000|0,000000;0,000000|0,000000|-0,000000;74,000000;
1743584354;-0,001197|0,188543|9,941922;-0,004527|-0,015446|-0,010120;0,357720|0,000000|0,000000;0,000000|0,000000|-0,000000;74,000000;
1743584354;0,175974|0,875081|9,910798;-0,141813|-0,023968|0,006258;0,357720|0,000000|0,000000;0,000000|0,000000|-0,000000;74,000000;
1743584354;0,086191|0,017957|10,096349;-0,220510|-0,066180|-0,004794;0,357720|0,000000|0,000000;0,000000|0,000000|-0,000000;74,000000;
1743584354;0,482432|-0,195726|10,035894;-0,329832|-0,062984|0,000000;0,357720|0,000000|0,000000;0,000000|0,000000|-0,000000;74,000000;
1743584354;-0,314838|-0,746991|9,333796;-0,451805|-0,074302|-0,064582;0,357720|0,000000|0,000000;0,000000|0,000000|-0,000000;74,000000;
1743584354;1,706467|-4,970363|12,509704;0,077631|0,356065|0,043676;0,351919|0,000000|0,000000;0,000000|0,000000|-0,000000;74,000000;
1743584354;2,158971|-10,008960|11,663952;-0,447677|-0,009721|-0,149670;0,351919|0,000000|0,000000;0,000000|0,000000|-0,000000;74,000000;
1743584354;0,883460|2,376245|8,512584;-0,079362|-0,174837|-0,203732;0,351919|0,000000|0,000000;0,000000|0,000000|-0,000000;74,000000;
1743584354;0,076614|-1,870470|11,516110;0,027830|-0,160189|-0,175902;0,357720|0,000000|0,000000;0,000000|0,000000|-0,000000;74,000000;
1743584354;-0,685340|-1,274912|8,744822;0,387357|-0,045806|-0,108257;0,357720|0,000000|0,000000;0,000000|0,000000|-0,000000;74,000000;
1743584354;0,294487|-0,796671|9,973645;0,220510|-0,007590|0,006658;0,351919|0,000000|0,000000;0,000000|0,000000|-0,000000;74,000000;
1743584355;0,211288|0,446519|8,409035;-0,026498|0,031958|0,014647;0,351919|0,000000|0,000000;0,000000|0,000000|-0,000000;74,000000;
1743584355;0,200514|0,201113|9,680954;0,010120|0,001465|0,004794;0,229435|0,000000|0,000000;0,000000|0,000000|-0,000000;74,000000;
1743584355;0,141258|-0,017957|9,714473;0,017044|0,005060|0,001198;0,351919|0,000000|0,000000;0,000000|0,000000|-0,000000;74,000000;
1743584355;0,080206|-0,048483|9,970055;0,027697|-0,005593|-0,002796;0,450548|0,000000|0,000000;0,000000|0,000000|-0,000000;74,000000;
1743584355;0,160412|0,259771|10,141838;0,012517|0,000666|0,004527;0,456350|0,000000|0,000000;0,000000|0,000000|-0,000000;74,000000;
1743584355;0,161609|0,278924|9,978434;0,002796|0,003728|0,007590;0,456350|0,000000|0,000000;0,000000|0,000000|-0,000000;74,000000;
1743584355;0,110732|0,432752|10,129269;0,001332|-0,002796|-0,004394;0,456350|0,000000|0,000000;0,000000|0,000000|0,112655;74,000000;
1743584355;0,243610|0,214880|10,156802;-0,009055|0,008922|0,013183;0,456350|0,000000|0,000000;0,000000|0,000000|0,346401;74,000000;
1743584355;-0,002993|0,152630|9,837176;-0,013715|0,004661|0,050467;0,456350|0,000000|0,000000;0,000000|0,000000|0,356347;74,000000;
1743584356;0,098162|0,110133|9,826402;-0,011185|0,004794|0,131693;0,456350|0,000000|0,000000;0,000000|0,000000|0,236978;74,000000;
1743584356;0,184952|0,049081|10,070611;-0,009188|0,000133|0,167513;0,456350|0,000000|0,000000;0,000000|0,000000|0,276761;74,000000;
1743584356;-0,050877|0,037709|9,707890;-0,017976|0,001065|0,189084;0,380927|0,000000|0,000000;0,000000|0,000000|0,505534;74,000000;
1743584356;-0,038906|-0,141856|10,746973;0,001731|-0,000399|0,264452;-0,000000|0,000000|0,000000;0,000000|0,000000|0,535371;74,000000;
1743584356;-0,110133|-0,616507|10,766127;-0,002530|0,004527|0,439155;-0,000000|0,000000|0,000000;0,000000|0,000000|0,535371;74,000000;
1743584356;0,014964|-1,149815|10,022128;-0,006525|-0,009055|0,452737;-0,000000|0,000000|0,000000;0,000000|0,000000|0,535371;74,000000;
1743584356;-0,020351|-0,914585|10,037690;-0,011718|-0,008123|0,486693;0,212655|0,000000|0,000000;0,000000|0,000000|-0,000000;74,000000;
1743584356;0,109535|-0,660201|9,980229;0,006125|-0,002264|0,419448;0,444746|0,000000|0,000000;0,000000|0,000000|-0,000000;74,000000;
1743584356;0,107141|-0,084396|10,008960;0,005992|-0,001465|0,330631;0,450548|0,000000|0,000000;0,000000|0,000000|-0,102690;74,000000;
1743584356;0,065242|0,291494|9,982025;0,000799|-0,005992|0,324906;0,433143|0,000000|0,000000;0,000000|0,000000|-0,416002;74,000000;
1743584357;0,218471|0,095768|10,111312;-0,001997|-0,007057|0,268447;0,189448|0,000000|0,000000;0,000000|0,000000|-0,500542;74,000000;
1743584357;-0,019752|-0,229843|10,059238;0,000266|-0,009055|0,158991;0,038603|0,000000|0,000000;0,000000|0,000000|-0,580108;74,000000;
1743584357;0,183755|-0,541688|9,958083;0,016778|0,001065|-0,019042;0,009594|0,000000|0,000000;0,000000|0,000000|-0,590054;74,000000;
1743584357;0,410606|-0,641047|9,946113;0,011851|0,004927|-0,247408;-0,000000|0,000000|0,000000;0,000000|0,000000|-0,590054;74,000000;
1743584357;0,279523|-0,477643|10,066421;0,003196|0,003595|-0,414921;-0,000000|0,000000|0,000000;0,000000|0,000000|-0,590054;74,000000;
1743584357;0,232836|-0,305859|10,024523;-0,000799|-0,004661|-0,408928;0,270672|0,000000|0,000000;0,000000|0,000000|-0,326490;74,000000;
1743584357;0,152630|0,108338|10,026318;-0,002264|0,000000|-0,450474;0,462152|0,000000|0,000000;0,000000|0,000000|-0,000000;74,000000;
1743584357;0,093972|0,092775|10,084976;-0,005060|-0,000666|-0,452338;0,462152|0,000000|0,000000;0,000000|0,000000|-0,000000;74,000000;
1743584357;0,095768|0,101155|10,083778;-0,002264|0,000932|-0,439155;0,462152|0,000000|0,000000;0,000000|0,000000|-0,000000;74,000000;
1743584357;0,159813|0,220865|10,004770;0,007457|0,003462|-0,413988;0,462152|0,000000|0,000000;0,000000|0,000000|-0,000000;74,000000;
1743584358;0,246004|0,167594|9,975441;0,005193|0,000000|-0,377636;0,462152|0,000000|0,000000;0,000000|0,000000|-0,000000;74,000000;
1743584358;0,086191|0,132878|10,030508;0,008655|0,000133|-0,343281;0,450548|0,000000|0,000000;0,000000|0,000000|-0,000000;74,000000;
1743584358;0,109535|0,198719|10,068815;-0,013183|-0,004128|-0,298407;0,362770|0,000000|0,000000;0,000000|0,000000|0,512630;74,000000;
1743584358;0,128090|0,017358|10,134057;-0,001198|0,001864|-0,254731;0,450548|0,000000|0,000000;0,000000|0,000000|0,585101;74,000000;
1743584358;0,124498|0,073622|10,032902;-0,014781|-0,008788|-0,186022;0,450548|0,000000|0,000000;0,000000|0,000000|0,600000;74,000000;
1743584358;0,195726|0,181361|10,047267;-0,015713|-0,000932|-0,122372;0,284338|0,000000|0,000000;0,000000|0,000000|0,600000;74,000000;
1743584358;0,198120|0,067038|10,244789;0,006258|-0,005859|-0,015180;-0,000000|0,000000|0,000000;0,000000|0,000000|0,600000;74,000000;
1743584358;0,078410|-0,303465|9,989208;-0,011585|-0,000932|0,109589;-0,000000|0,000000|0,000000;0,000000|0,000000|0,600000;74,000000;
1743584358;0,035913|-0,773926|10,073604;-0,006258|-0,000932|0,297608;-0,000000|0,000000|0,000000;0,000000|0,000000|0,590073;74,000000;
1743584358;-0,096367|-0,719458|10,050260;-0,002131|-0,002530|0,387490;0,088256|0,000000|0,000000;0,000000|0,000000|-0,000000;74,000000;
1743584359;0,062249|-0,326210|10,050260;0,008123|-0,002530|0,370579;0,328689|0,000000|0,000000;0,000000|0,000000|-0,000000;74,000000;
1743584359;0,179565|0,234632|10,049662;0,014248|0,003728|0,368848;0,328689|0,000000|0,000000;0,000000|0,000000|-0,000000;74,000000;
1743584359;0,163404|0,178967|10,004171;0,003196|0,004128|0,308261;0,328689|0,000000|0,000000;0,000000|0,000000|-0,000000;74,000000;
1743584359;0,224456|0,137667|10,056844;-0,001864|0,002530|0,274306;0,198062|0,000000|0,000000;0,000000|0,000000|-0,000000;74,000000;
1743584359;0,142455|0,174178|9,968857;0,001864|0,000000|0,232228;0,340315|0,000000|0,000000;0,000000|0,000000|-0,000000;74,000000;
1743584359;0,035913|0,068235|10,044873;-0,005326|-0,005593|0,187087;0,334514|0,000000|0,000000;0,000000|0,000000|-0,000000;74,000000;
1743584359;0,078410|0,125696|9,958083;-0,000399|0,001997|0,135289;0,340315|0,000000|0,000000;0,000000|0,000000|-0,000000;74,000000;
1743584359;0,156222|0,284910|10,114305;0,003995|0,007324|0,101600;0,334514|0,000000|0,000000;0,000000|0,000000|-0,000000;74,000000;
1743584359;0,210690|-0,116717|10,013748;-0,002929|-0,007057|0,026099;0,205905|0,000000|0,000000;0,000000|0,000000|-0,000000;74,000000;
1743584359;0,223259|0,248997|9,920973;-0,009587|-0,004394|-0,008788;0,334514|0,000000|0,000000;0,000000|0,000000|-0,082798;74,000000;
1743584360;0,104148|-0,087388|9,983222;0,009188|0,001332|-0,015579;0,305482|0,000000|0,000000;0,000000|0,000000|-0,000000;74,000000;
1743584360;0,080804|-0,157419|10,078392;-0,001997|0,004527|-0,020506;0,282275|0,000000|0,000000;0,000000|0,000000|-0,000000;74,000000;
1743584360;0,184354|-0,423175|10,075997;-0,006392|0,002929|-0,016778;0,282275|0,000000|0,000000;0,000000|0,000000|-0,000000;74,000000;
1743584360;0,129885|-0,237625|10,144831;0,005060|0,002264|-0,016911;0,282275|0,000000|0,000000;0,000000|0,000000|-0,000000;74,000000;
1743584360;0,040701|0,480037|9,952696;-0,000799|-0,001332|-0,014514;0,282275|0,000000|0,000000;0,000000|0,000000|-0,000000;74,000000;
1743584360;0,156820|0,056862|10,008960;0,006258|0,006258|-0,007989;0,282275|0,000000|0,000000;0,000000|0,000000|-0,000000;74,000000;
1743584360;0,235829|0,050877|10,119093;-0,027031|0,001997|-0,006258;0,282275|0,000000|0,000000;0,000000|0,000000|-0,000000;74,000000;
1743584360;0,214281|-0,121506|9,892841;-0,001065|-0,000399|-0,019974;0,282275|0,000000|0,000000;0,000000|0,000000|-0,000000;74,000000;
1743584360;0,143054|0,011971|9,911396;0,009188|-0,002530|-0,003196;0,282275|0,000000|0,000000;0,000000|0,000000|-0,000000;74,000000;
1743584360;0,140061|0,222661|9,935937;-0,004661|0,003995|-0,002397;0,282275|0,000000|0,000000;0,000000|0,000000|-0,000000;74,000000;
1743584360;0,158616|0,152630|9,989806;0,018775|0,010253|-0,000533;0,282275|0,000000|0,000000;0,000000|0,000000|-0,000000;74,000000;
1743584361;0,076016|0,134674|9,974244;-0,002397|-0,002663|-0,002929;0,282275|0,000000|0,000000;0,000000|0,000000|-0,000000;74,000000;
1743584361;0,250194|-0,107739|10,216657;0,000399|0,008522|0,004927;0,282275|0,000000|0,000000;0,000000|0,000000|-0,000000;74,000000;
1743584361;0,111330|-0,098162|9,859921;-0,004261|-0,001997|-0,001997;0,282275|0,000000|0,000000;0,000000|0,000000|-0,000000;74,000000;
1743584361;0,239420|-0,087388|9,876081;0,005859|0,003196|-0,001465;0,282275|0,000000|0,000000;0,000000|0,000000|-0,000000;74,000000;
1743584361;0,058658|-0,202310|10,270527;-0,000399|0,009454|0,010519;0,282275|0,000000|0,000000;0,000000|0,000000|-0,000000;74,000000;
1743584361;0,080804|0,038906|9,777321;-0,020373|0,009987|-0,000666;0,282275|0,000000|0,000000;0,000000|0,000000|-0,000000;74,000000;
1743584361;0,022146|0,633266|9,771935;-0,202800|-0,047404|-0,004927;0,282275|0,000000|0,000000;0,000000|0,000000|-0,000000;74,000000;
1743584361;0,156222|-0,117914|10,237606;-0,323441|-0,097871|0,007590;0,282275|0,000000|0,000000;0,000000|0,000000|-0,000000;74,000000;
1743584361;0,639850|-2,329558|11,317989;-0,117046|0,123171|0,071240;0,282275|0,000000|0,000000;0,000000|0,000000|-0,000000;74,000000;
1743584362;-0,767940|-2,458845|10,380660;0,199471|0,047005|0,064049;0,282275|0,000000|0,000000;0,000000|0,000000|-0,000000;74,000000;
1743584362;1,366491|-0,518943|7,322067;-0,071506|-0,066313|-0,141946;0,282275|0,000000|0,000000;0,000000|0,000000|-0,000000;74,000000;
1743584362;-0,624288|-0,457891|11,040861;-0,008389|0,009854|0,026232;0,282275|0,000000|0,000000;0,000000|0,000000|-0,000000;74,000000;
1743584362;0,139462|-0,426168|10,033501;0,016911|0,004794|0,023170;0,282275|0,000000|0,000000;0,000000|0,000000|-0,000000;74,000000;
1743584362;0,330998|-0,396240|10,159795;0,008922|0,000799|0,012251;0,282275|0,000000|0,000000;0,000000|0,000000|-0,000000;74,000000;
1743584362;-0,113725|-0,556053|9,900622;-0,000799|-0,019042|0,002131;0,288077|0,000000|0,000000;0,000000|0,000000|-0,000000;74,000000;
1743584362;0,008978|-0,588974|9,961675;0,014514|0,003329|0,013183;0,293879|0,000000|0,000000;0,000000|0,000000|-0,000000;74,000000;
1743584362;0,303465|-1,155202|10,336966;0,253666|-0,026632|0,000932;0,151003|0,000000|0,000000;0,000000|0,000000|-0,000000;74,000000;
1743584362;0,226851|-0,534506|10,156203;0,312522|0,011984|0,006125;0,293879|0,000000|0,000000;0,000000|0,000000|-0,000000;74,000000;
1743584362;0,226851|-0,166996|8,758588;-0,079362|0,024501|0,003995;0,299681|0,000000|0,000000;0,000000|0,000000|-0,000000;74,000000;
1743584363;0,063446|-0,192135|10,143035;-0,011851|-0,025700|-0,008522;0,293879|0,000000|0,000000;0,000000|0,000000|-0,000000;74,000000;
1743584363;0,044293|-0,219069|9,967660;-0,011052|-0,003728|-0,006924;0,299681|0,000000|0,000000;0,000000|0,000000|-0,000000;74,000000;
1743584363;-0,001796|-0,029928|10,008960;-0,014381|-0,010386|-0,001997;0,293879|0,000000|0,000000;0,000000|0,000000|-0,000000;74,000000;
1743584363;0,267552|-0,090381|10,322001;0,016778|0,004794|-0,008788;0,293879|0,000000|0,000000;0,000000|0,000000|-0,000000;74,000000;
1743584363;0,111330|-0,021548|10,169971;-0,018243|-0,013449|-0,005593;0,293879|0,000000|0,000000;0,000000|0,000000|-0,000000;74,000000;
1743584363;-0,105943|0,128090|10,062231;-0,003063|0,009854|-0,010253;0,293879|0,000000|0,000000;0,000000|0,000000|-0,000000;74,000000;
1743584363;0,156222|0,097564|10,092757;0,000932|-0,002264|-0,012650;0,151003|0,000000|0,000000;0,000000|0,000000|-0,000000;74,000000;
1743584363;0,213084|0,150835|10,041881;-0,023968|0,000399|0,001332;0,003792|0,000000|0,000000;0,000000|0,000000|-0,000000;74,000000;
1743584363;0,296282|-0,479439|10,021529;0,000266|-0,000133|-0,010253;-0,000000|0,000000|0,000000;0,000000|0,000000|-0,000000;74,000000;
1743584363;0,309451|-0,924760|9,950901;0,003196|-0,000533|-0,016778;-0,000000|0,000000|0,000000;0,000000|0,000000|-0,000000;74,000000;
1743584364;0,183755|-0,917578|10,014946;0,001198|0,000133|-0,006658;-0,000000|0,000000|0,000000;0,000000|0,000000|-0,000000;74,000000;
1743584364;0,089184|-0,012570|10,098144;-0,008922|-0,000799|0,014914;-0,000000|0,000000|0,000000;0,000000|0,000000|-0,000000;74,000000;
1743584364;0,067636|0,065242|10,014347;0,001332|0,000266|-0,011052;-0,000000|0,000000|0,000000;0,000000|0,000000|-0,000000;74,000000;
1743584364;0,158017|-0,095170|10,041282;-0,000799|-0,001198|0,001731;-0,000000|0,000000|0,000000;0,000000|0,000000|-0,000000;74,000000;
1743584364;0,146046|-0,025738|10,029311;-0,000533|0,000533|-0,001864;-0,000000|0,000000|0,000000;0,000000|0,000000|-0,000000;74,000000;
1743584364;0,153229|-0,065242|10,046070;-0,000533|-0,000932|-0,000399;-0,000000|0,000000|0,000000;0,000000|0,000000|-0,000000;74,000000;
1743584364;0,162207|-0,052672|10,035894;-0,000799|-0,000266|0,001465;-0,000000|0,000000|0,000000;0,000000|0,000000|-0,000000;74,000000;
1743584364;0,161609|-0,046088|10,039486;0,000000|0,000000|-0,000399;-0,000000|0,000000|0,000000;0,000000|0,000000|-0,000000;74,000000;
1743584364;0,155623|-0,054468|10,041282;0,000000|0,000399|0,000533;-0,000000|0,000000|0,000000;0,000000|0,000000|-0,000000;74,000000;
1743584364;0,149039|-0,048483|10,038289;0,000000|-0,000799|0,000266;-0,000000|0,000000|0,000000;0,000000|0,000000|-0,000000;74,000000;
1743584364;0,150236|-0,048483|10,031705;-0,000666|0,000000|0,000266;-0,000000|0,000000|0,000000;0,000000|0,000000|-0,000000;74,000000;
1743584365;0,155623|-0,052672|10,031705;0,000000|-0,000266|0,000000;-0,000000|0,000000|0,000000;0,000000|0,000000|-0,000000;74,000000;
1743584365;0,150835|-0,050278|10,020332;0,000533|0,000000|0,000266;-0,000000|0,000000|0,000000;0,000000|0,000000|-0,000000;74,000000;
1743584365;0,159214|-0,052672|10,026318;-0,000266|0,000932|0,000000;-0,000000|0,000000|0,000000;0,000000|0,000000|-0,000000;74,000000;
1743584365;0,152630|-0,050278|10,035894;0,000266|0,000799|-0,000133;-0,000000|0,000000|0,000000;0,000000|0,000000|-0,000000;74,000000;
1743584365;0,159813|-0,047884|10,031705;0,000799|-0,000266|0,000000;-0,000000|0,000000|0,000000;0,000000|0,000000|-0,000000;74,000000;
1743584365;0,151433|-0,052672|10,044873;0,000399|0,000666|0,000533;-0,000000|0,000000|0,000000;0,000000|0,000000|-0,000000;74,000000;
1743584365;0,157419|-0,052672|10,030508;-0,000133|-0,000266|-0,000666;-0,000000|0,000000|0,000000;0,000000|0,000000|-0,000000;74,000000;
1743584365;0,152032|-0,046088|10,032304;0,000133|0,000000|0,000399;-0,000000|0,000000|0,000000;0,000000|0,000000|-0,000000;74,000000;
1743584365;0,163404|-0,050278|10,033501;-0,000399|-0,000266|0,000000;-0,000000|0,000000|0,000000;0,000000|0,000000|-0,000000;74,000000;
1743584366;0,147243|-0,054468|10,032902;-0,000133|-0,000533|0,000000;-0,000000|0,000000|0,000000;0,000000|0,000000|-0,000000;74,000000;
1743584366;0,158017|-0,049680|10,045471;-0,000266|-0,000666|-0,000533;-0,000000|0,000000|0,000000;0,000000|0,000000|-0,000000;74,000000;
1743584366;0,158616|-0,055665|10,040085;-0,000266|0,000000|-0,000133;-0,000000|0,000000|0,000000;0,000000|0,000000|-0,000000;74,000000;
1743584366;0,153827|-0,055665|10,043676;-0,000533|-0,000266|-0,000133;-0,000000|0,000000|0,000000;0,000000|0,000000|-0,000000;74,000000;
1743584366;0,152630|-0,048483|10,037092;0,000666|0,000000|-0,000399;-0,000000|0,000000|0,000000;0,000000|0,000000|-0,000000;74,000000;
1743584366;0,152032|-0,062249|10,032902;0,000000|-0,000799|0,000533;-0,000000|0,000000|0,000000;0,000000|0,000000|-0,000000;74,000000;
1743584366;0,161010|-0,044891|10,040085;-0,000133|0,000266|0,000266;-0,000000|0,000000|0,000000;0,000000|0,000000|-0,000000;74,000000;
1743584366;0,155623|-0,051475|10,032304;0,000000|-0,000133|0,000133;-0,000000|0,000000|0,000000;0,000000|0,000000|-0,000000;74,000000;
1743584366;0,152630|-0,048483|10,038289;0,000932|0,000666|-0,000266;-0,000000|0,000000|0,000000;0,000000|0,000000|-0,000000;74,000000;
1743584366;0,152032|-0,053870|10,032902;0,000666|0,000000|0,000000;-0,000000|0,000000|0,000000;0,000000|0,000000|-0,000000;74,000000;
1743584367;0,152032|-0,037110|10,032902;-0,000399|0,000666|-0,000266;-0,000000|0,000000|0,000000;0,000000|0,000000|-0,000000;74,000000;
1743584367;0,152032|-0,046088|10,041881;0,000533|0,000266|0,000133;-0,000000|0,000000|0,000000;0,000000|0,000000|-0,000000;74,000000;
1743584367;0,155025|-0,053271|10,028712;-0,000799|-0,000666|0,000000;-0,000000|0,000000|0,000000;0,000000|0,000000|-0,000000;74,000000;
1743584367;0,159813|-0,064045|10,029311;0,000000|-0,000399|-0,000799;-0,000000|0,000000|0,000000;0,000000|0,000000|-0,000000;74,000000;
1743584367;0,158017|-0,052074|10,039486;-0,000399|0,000000|0,000533;-0,000000|0,000000|0,000000;0,000000|0,000000|-0,000000;74,000000;
1743584367;0,164003|-0,058658|10,032902;0,000666|0,000133|-0,000666;-0,000000|0,000000|0,000000;0,000000|0,000000|-0,000000;74,000000;
1743584367;0,148441|-0,055665|10,029909;0,000133|0,000533|-0,000533;-0,000000|0,000000|0,000000;0,000000|0,000000|-0,000000;74,000000;
1743584367;0,143054|-0,049081|10,035894;0,000000|-0,000533|0,000000;-0,000000|0,000000|0,000000;0,000000|0,000000|-0,000000;74,000000;
1743584367;0,155623|-0,044293|10,039486;0,000666|0,000000|0,000133;-0,000000|0,000000|0,000000;0,000000|0,000000|-0,000000;74,000000;
1743584367;0,156222|-0,044293|10,040683;0,000000|0,000133|0,000133;-0,000000|0,000000|0,000000;0,000000|0,000000|-0,000000;74,000000;
1743584368;0,159214|-0,046088|10,036493;-0,000533|0,000133|-0,000266;-0,000000|0,000000|0,000000;0,000000|0,000000|-0,000000;74,000000;
1743584368;0,147243|-0,051475|10,040683;0,000799|0,000000|0,000133;-0,000000|0,000000|0,000000;0,000000|0,000000|-0,000000;74,000000;
1743584368;0,155623|-0,049680|10,034100;0,000932|0,000799|0,000000;-0,000000|0,000000|0,000000;0,000000|0,000000|-0,000000;74,000000;
1743584368;0,151433|-0,060454|10,026318;-0,000666|0,000000|0,000000;-0,000000|0,000000|0,000000;0,000000|0,000000|-0,000000;74,000000;
1743584368;0,163404|-0,050278|10,032304;0,000133|-0,000266|0,000399;-0,000000|0,000000|0,000000;0,000000|0,000000|-0,000000;74,000000;
1743584368;0,158616|-0,057461|10,037092;-0,000399|-0,000266|0,000533;-0,000000|0,000000|0,000000;0,000000|0,000000|-0,000000;74,000000;
1743584368;0,156222|-0,054468|10,031106;0,000000|0,000000|-0,000266;-0,000000|0,000000|0,000000;0,000000|0,000000|-0,000000;74,000000;
1743584368;0,156222|-0,052074|10,035296;0,000533|0,000666|-0,000133;-0,000000|0,000000|0,000000;0,000000|0,000000|-0,000000;74,000000;
1743584368;0,164003|-0,046088|10,037690;0,000133|0,000399|0,000000;-0,000000|0,000000|0,000000;0,000000|0,000000|-0,000000;74,000000;
1743584368;0,153229|-0,048483|10,032902;0,000000|0,000666|-0,001065;-0,000000|0,000000|0,000000;0,000000|0,000000|-0,000000;74,000000;
1743584368;0,149039|-0,054468|10,029909;0,000799|0,000666|0,000000;-0,000000|0,000000|0,000000;0,000000|0,000000|-0,000000;74,000000;
1743584369;0,159813|-0,061052|10,031705;-0,000266|-0,000533|0,000000;-0,000000|0,000000|0,000000;0,000000|0,000000|-0,000000;74,000000;
1743584369;0,163404|-0,052074|10,047267;0,000133|0,000133|0,000133;-0,000000|0,000000|0,000000;0,000000|0,000000|-0,000000;74,000000;
1743584369;0,160412|-0,058059|10,045471;-0,000266|0,000133|0,000266;-0,000000|0,000000|0,000000;0,000000|0,000000|-0,000000;74,000000;
1743584369;0,157419|-0,052672|10,052055;-0,000266|0,000533|-0,000266;-0,000000|0,000000|0,000000;0,000000|0,000000|-0,000000;74,000000;
1743584369;0,151433|-0,053271|10,034100;-0,000133|-0,000799|0,000000;-0,000000|0,000000|0,000000;0,000000|0,000000|-0,000000;74,000000;
1743584369;0,147842|-0,057461|10,033501;0,000000|0,000533|-0,000399;-0,000000|0,000000|0,000000;0,000000|0,000000|-0,000000;74,000000;
